{"cameraMode":{"drawMode":0,"name":"Shaded","section":"Shading Mode"},"sceneLighting":false,"audioPlay":false,"sceneViewState":{"m_AlwaysRefresh":false,"showFog":true,"showSkybox":false,"showFlares":true,"showImageEffects":true,"showParticleSystems":true,"showVisualEffectGraphs":true,"m_FxEnabled":true},"in2DMode":false,"pivot":{"x":-16.80031967163086,"y":-94.9433822631836,"z":180.10430908203126},"rotation":{"x":0.20433112978935243,"y":0.017924930900335313,"z":-0.0037366095930337908,"w":0.9787558913230896},"size":349.0169982910156,"orthographic":false}