{"cameraMode":{"drawMode":0,"name":"Shaded","section":"Shading Mode"},"sceneLighting":false,"audioPlay":false,"sceneViewState":{"m_AlwaysRefresh":false,"showFog":true,"showSkybox":false,"showFlares":true,"showImageEffects":true,"showParticleSystems":true,"showVisualEffectGraphs":true,"m_FxEnabled":true},"in2DMode":false,"pivot":{"x":0.45621854066848757,"y":-0.05644848197698593,"z":0.5386014580726624},"rotation":{"x":0.22297386825084687,"y":0.5170753002166748,"z":-0.1416192352771759,"w":0.8142017126083374},"size":0.9201485514640808,"orthographic":false}