{"cameraMode":{"drawMode":0,"name":"Shaded","section":"Shading Mode"},"sceneLighting":true,"audioPlay":false,"sceneViewState":{"m_AlwaysRefresh":false,"showFog":true,"showSkybox":true,"showFlares":true,"showImageEffects":true,"showParticleSystems":true,"showVisualEffectGraphs":true,"m_FxEnabled":true},"in2DMode":false,"pivot":{"x":-0.05430290475487709,"y":2.698178291320801,"z":0.6693124771118164},"rotation":{"x":-0.026687225326895715,"y":-0.004187698941677809,"z":-0.00011130939674330875,"w":0.9996604323387146},"size":3.072474479675293,"orthographic":false}