{"cameraMode":{"drawMode":0,"name":"Shaded","section":"Shading Mode"},"sceneLighting":true,"audioPlay":false,"sceneViewState":{"m_AlwaysRefresh":false,"showFog":true,"showSkybox":true,"showFlares":true,"showImageEffects":true,"showParticleSystems":true,"showVisualEffectGraphs":true,"m_FxEnabled":true},"in2DMode":false,"pivot":{"x":-0.5097542405128479,"y":1.9621355533599854,"z":2.463043212890625},"rotation":{"x":0.27135035395622256,"y":0.011848949827253819,"z":-0.003340797033160925,"w":0.9624280333518982},"size":8.90733814239502,"orthographic":false}