{"cameraMode":{"drawMode":0,"name":"Shaded","section":"Shading Mode"},"sceneLighting":true,"audioPlay":false,"sceneViewState":{"m_AlwaysRefresh":false,"showFog":true,"showSkybox":true,"showFlares":true,"showImageEffects":true,"showParticleSystems":true,"showVisualEffectGraphs":true,"m_FxEnabled":true},"in2DMode":false,"pivot":{"x":4.3152241706848148,"y":-95.68209075927735,"z":164.30931091308595},"rotation":{"x":0.27135035395622256,"y":0.011848949827253819,"z":-0.003340797033160925,"w":0.9624280333518982},"size":104.27693176269531,"orthographic":false}